"","V1","V2","V3"
"result.1",0.0207353318953863,0.0222615106640163,1
"result.2",0.0188275681226763,0.0221399705537593,2
"result.3",0.0208092167707213,0.0215660344761019,3
"result.4",0.0185582733520203,0.0217370525781106,4
"result.5",0.0206433897451378,0.0211634486287338,5
"result.6",0.018329786776423,0.0213860804063799,6
"result.7",0.0190610100460421,0.0208426686048639,7
"result.8",0.017449019659441,0.0206586398808852,8
"result.9",0.0167760613596617,0.0200059882828398,9
"result.10",0.0172285687776947,0.0193730349303607,10
"result.11",0.018303993362626,0.0191740776877012,11
"result.12",0.016270980621658,0.0192798858292704,12
"result.13",0.0165995995207893,0.0187516478548631,13
"result.14",0.0171654980730228,0.0184811054026213,14
"result.15",0.0164492677301811,0.0185300706249407,15
"result.16",0.0155405415472578,0.0182922445410512,16
"result.17",0.0151427829862795,0.0178413779365982,17
"result.18",0.0194540688329724,0.0174978332426221,18
"result.19",0.0159426419894351,0.0187082039390774,19
"result.20",0.0232243849948725,0.0183488035580766,20
"result.21",0.0176154035637975,0.0206165173586967,21
"result.22",0.0169760261604244,0.0200791062800576,22
"result.23",0.0180128980850233,0.0195569907396234,23
"result.24",0.0166831038470158,0.0195039498011838,24
"result.25",0.0162447517108742,0.019034821175218,25
"result.26",0.0163674158164831,0.0185841433535856,26
"result.27",0.0160213723528898,0.0183181108561215,27
"result.28",0.0151678691554284,0.0180229239966039,28
"result.29",0.0149415083291251,0.0175544891340778,29
"result.30",0.0145825667625979,0.0171819440017131,30
"result.31",0.0142394456175163,0.0168031736294196,31
"result.32",0.0145188352425232,0.0164547147775309,32
"result.33",0.0150157848926917,0.0163220328305655,33
"result.34",0.0138980932173835,0.0163701380186367,34
"result.35",0.0135412206030984,0.0160463329295695,35
"result.36",0.0132279140973044,0.0156494688243569,36
"result.37",0.0129685600177017,0.0153213776899221,37
"result.38",0.0181878257233913,0.0152290965299287,38
"result.39",0.0146177354955481,0.0169311803430574,39
"result.40",0.0141579504296209,0.0166371135349053,40
"result.41",0.0139641291718411,0.0162959469024671,41
"result.42",0.0149623027234128,0.0160121936633075,42
"result.43",0.0138433241866384,0.0162146193751553,43
"result.44",0.0166063229002703,0.0159303634001375,44
"result.45",0.0140916862715152,0.0167283160073097,45
"result.46",0.0138089777870095,0.0163674663439295,46
"result.47",0.014399866530119,0.0160187191057943,47
"result.48",0.0234343300142278,0.0161751874527098,48
"result.49",0.0167268465696988,0.0197987648682769,49
"result.50",0.0230850303896966,0.019327959683757,50
"result.51",0.022361049222362,0.0214325284094272,51
"result.52",0.0185992215056252,0.0221635754977783,52
"result.53",0.0179143532909782,0.0212799817300393,53
"result.54",0.0177994781662576,0.0206098802253436,54
"result.55",0.0252181211400468,0.0201212983288954,55
"result.56",0.0191038144132242,0.0227100998243728,56
"result.57",0.0186866735688542,0.0217870854886613,57
"result.58",0.018680305877309,0.0211054428760988,58
"result.59",0.0246783106642238,0.0207316752892908,59
"result.60",0.0200320513992506,0.0227964764242827,60
"result.61",0.0192641968690493,0.0221845610981362,61
"result.62",0.0216915992180464,0.0215750676035711,62
"result.63",0.0202115150226479,0.0220641484907489,63
"result.64",0.0344659274724969,0.0219432774613821,64
"result.65",0.0238842567184368,0.0279924395128788,65
"result.66",0.0293658775991246,0.0268360092702764,66
"result.67",0.0239601845290349,0.0283966537822877,67
"result.68",0.0228724724312066,0.0269045278764324,68
"result.69",0.0231502852284463,0.025663165166911,69
"result.70",0.0209333827171291,0.0249642736381404,70
"result.71",0.0215225530214133,0.0237493898157695,71
"result.72",0.019521936944904,0.0232187420371233,72
"result.73",0.0220551596326636,0.0219245685087586,73
"result.74",0.019071256794502,0.0224235741786671,74
"result.75",0.0180492317637707,0.0214767741433448,75
"result.76",0.0171610493551023,0.0204703956834962,76
"result.77",0.017326426213367,0.0195434267765009,77
"result.78",0.0167311163754666,0.0198245280513518,78
"result.79",0.0167232878697374,0.0191323779113404,79
"result.80",0.0166996506797271,0.0186076506565271,80
"result.81",0.0183047951742642,0.0185047072073345,81
"result.82",0.0159949921348676,0.0189704314854922,82
"result.83",0.015484595149462,0.0183507054939795,83
"result.84",0.0150251018946959,0.0178395901662398,84
"result.85",0.0155445704017499,0.017377577578408,85
"result.86",0.0148361007769859,0.0172761186063255,86
"result.87",0.0146779167246077,0.0169956396601449,87
"result.88",0.014138526430303,0.0167861170731172,88
"result.89",0.0150726157207211,0.0164086148334874,89
"result.90",0.0139714593125967,0.0165326122175955,90
"result.91",0.0149476574685526,0.0162590087678396,91
"result.92",0.0158013266673964,0.0164522955990307,92
"result.93",0.0148483218781545,0.0168266272325965,93
"result.94",0.0148182845989536,0.0167312510513327,94
"result.95",0.0140277895361129,0.0166111037910142,95
"result.96",0.016812002370778,0.01630991446428,96
"result.97",0.0284159350086881,0.017393626678448,97
"result.98",0.0192681851629557,0.0227542110612475,98
"result.99",0.0186902262075554,0.0218708454566112,99
"result.100",0.0178773352546495,0.0211011274219359,100
"result.101",0.0180879319846641,0.0202282945771586,101
"result.102",0.0185896547933323,0.0198632290174956,102
"result.103",0.0166352840100314,0.0198312046312807,103
"result.104",0.0181185729725821,0.0191153895797882,104
"result.105",0.0174681700018901,0.0192137322767749,105
"result.106",0.0165782166708352,0.0190387901350348,106
"result.107",0.0156498024036645,0.0186243135279867,107
"result.108",0.0210265368473374,0.0180930399375328,108
"result.109",0.0166141449439793,0.0198089443484903,109
"result.110",0.0189110629800258,0.019098834248787,110
"result.111",0.0184512163047937,0.0195132926801378,111
"result.112",0.0221477414488943,0.0196075940728733,112
"result.113",0.0180581601532931,0.0210860639470596,113
"result.114",0.0185293370482918,0.0203370571451487,114
"result.115",0.0168821673233824,0.0200271020104097,115
"result.116",0.0187223045784939,0.0192820877090227,116
"result.117",0.0164586381514345,0.0195483358613942,117
"result.118",0.0165639187039676,0.0188583796017312,118
"result.119",0.0155889888772535,0.0184976228158362,119
"result.120",0.015078162286068,0.0179234729888194,120
"result.121",0.0155230377060014,0.0174621685042595,121
"result.122",0.0146044651288764,0.017351107473921,122
"result.123",0.0315837912929888,0.0173173567003531,123
"result.124",0.0235505242435249,0.0236723163656123,124
"result.125",0.0209022227599115,0.0237822166144284,125
"result.126",0.0210682088559203,0.0227334788048594,126
"result.127",0.0225972158056434,0.0223384294339368,127
"result.128",0.0264177720640879,0.0226329426423533,128
"result.129",0.0234393438476671,0.0241980758673108,129
"result.130",0.0201983875442345,0.0239700741033388,130
"result.131",0.0193061062962414,0.0226966197632592,131
"result.132",0.0187623555179688,0.0216047540773658,132
"result.133",0.0175463946378493,0.0207460980544525,133
"result.134",0.0178119292013601,0.0198457698700807,134
"result.135",0.0198036254619068,0.0195718525834465,135
"result.136",0.0181152016952789,0.0200578624811172,136
"result.137",0.0177803724001833,0.0196942646555769,137
"result.138",0.0170874836593694,0.019431357458636,138
"result.139",0.0160857609305435,0.0190089041889152,139
"result.140",0.0188317181011392,0.0184727789910752,140
"result.141",0.0162318029875675,0.0191117669013821,141
"result.142",0.0156276280952834,0.0185188338216236,142
"result.143",0.0152381409254937,0.0179753585354874,143
"result.144",0.0157799086616827,0.0176068285728164,144
"result.145",0.0150289725292113,0.0175274824619507,145
"result.146",0.0148505411702965,0.0172657020788662,146
"result.147",0.0144440326486137,0.0170352727018255,147
"result.148",0.017534431942679,0.0168154128506828,148
"result.149",0.0279274237284074,0.0179275380607251,149
"result.150",0.0191663409525026,0.0227483524569791,150
"result.151",0.0216807887056892,0.0216197114969603,151
"result.152",0.0307670352144138,0.0221466090156142,152
"result.153",0.0232212925002983,0.0262100016278239,153
"result.154",0.0208091980793671,0.0247396913652054,154
"result.155",0.0196746830605629,0.0231298870805787,155
"result.156",0.0237573748575548,0.0219560937775114,156
"result.157",0.0238789289897464,0.0229744217742862,157
"result.158",0.0206045761824633,0.0234663258567096,158
"result.159",0.0187679188259953,0.0223399689696677,159
"result.160",0.0179387167511517,0.0210968271421521,160
"result.161",0.0173598087390077,0.0200911181287395,161
"result.162",0.0167103267608657,0.0193631693847536,162
"result.163",0.0174973032022852,0.0187250595841491,163
"result.164",0.0193800560590084,0.0189151476094125,164
"result.166",0.017133569618361,0.0188670042317014,166
"result.167",0.0158689731751567,0.0186370615318268,167
"result.168",0.015464700812276,0.0181129322734321,168
"result.169",0.0156648813664202,0.0177585501796997,169
"result.170",0.014829427843534,0.0176074687871548,170
"result.171",0.0145465109842437,0.0172153372284853,171
"result.173",0.0148512445776578,0.0170748599738957,173
"result.174",0.0142961430777706,0.0169530989874787,174
"result.175",0.014112494835137,0.0166982071859465,175
"result.176",0.0172006738230513,0.0165648258241404,176
"result.177",0.0164929640120634,0.0177810623383934,177
"result.178",0.0151124683163905,0.0179739268966514,178
"result.179",0.0200072318906363,0.0175597399147378,179
"result.180",0.0170301374081909,0.0194398796356623,180
"result.181",0.0162619739185148,0.0189371091678012,181
"result.182",0.0173159737981343,0.0184254168907856,182
"result.183",0.0158330777980213,0.0186046525188814,183
"result.184",0.0154697561903478,0.0180958146339165,184
"result.185",0.0165835999521557,0.0177221283887476,185
"result.186",0.0151208447233441,0.017989432872362,186
"result.187",0.015992090053002,0.0175336145445684,187
"result.188",0.0152271445839541,0.0176583479122101,188
"result.189",0.0161100381589532,0.017419112839498,189
"result.190",0.0187331770787073,0.0176940783532942,190
"result.191",0.0164504496110111,0.0189005398856423,191
"result.192",0.0267866015027067,0.0185945987674998,192
"result.193",0.0233240117375026,0.0233542482125202,193
"result.194",0.0202844619388409,0.0233285280694346,194
"result.195",0.0185294309650862,0.0220030815272096,195
"result.196",0.0173584408670941,0.0206420363715765,196
"result.197",0.0167605140863447,0.0196139335913372,197
"result.198",0.0160084743272102,0.0188903925587383,198
"result.199",0.0154921633383746,0.0182773071846398,199
"result.200",0.0182203826450807,0.0178785391239913,200
"result.201",0.0160710465955679,0.0188209528341829,201
"result.202",0.0162841750167648,0.0183040413674078,202
"result.203",0.017237968272429,0.0181744054891695,203
"result.204",0.033353737417793,0.0186512467251774,204
"result.205",0.0271965498381171,0.0271201678671602,205
"result.206",0.0259281988084481,0.0266421709094473,206
"result.207",0.0235136555917298,0.0257925691053558,207
"result.208",0.0215503075283964,0.0243229095768029,208
"result.210",0.0180357312484683,0.0214608074388636,210
"result.211",0.0176932951197547,0.0200039874505435,211
"result.212",0.0162456036126677,0.0193577055188783,212
"result.213",0.0197684837244376,0.0186842678418415,213
"result.214",0.017206384830161,0.0199632821644755,214
"result.215",0.0161117239221755,0.019164823245255,215
"result.216",0.0166904405850324,0.0184165219137284,216
"result.217",0.0180887664101817,0.0184336271072212,217
"result.218",0.0162117845762327,0.0190858662285578,218
"result.219",0.0218414807386908,0.0184456539938154,219
"result.220",0.0176719095587726,0.021012868032436,220
"result.221",0.0172000289351558,0.0197028524698126,221
"result.222",0.0164577297856902,0.0190881763152291,222
"result.223",0.0160883851136999,0.0185419178032973,223
"result.224",0.0158201327999182,0.018175128921861,224
"result.226",0.0182534342417033,0.0176671992263593,226
"result.227",0.0168092853627407,0.0189247158170147,227
"result.228",0.015713496804481,0.0186081674613447,228
"result.229",0.0159739784819103,0.0180373495184156,229
"result.230",0.0157285114649294,0.0179458598626709,230
"result.231",0.0178341944058848,0.0178195003065511,231
"result.232",0.0250934298095459,0.0188758957095772,232
"result.234",0.0223192104945324,0.0219151782426152,234
"result.235",0.0203031880640929,0.0222793661619036,235
"result.236",0.0193373294021032,0.0213514534122723,236
"result.237",0.0175958720617318,0.0205656797645801,237
"result.239",0.0190745087284368,0.0227649205921878,239
"result.240",0.0180026142128987,0.021009639941731,240
"result.241",0.0183975334606929,0.0199042578121791,241
"result.242",0.0270727789225602,0.019859617726091,242
"result.243",0.0205840675151777,0.023901640214838,243
"result.244",0.0222902118711957,0.0222849965141805,244
"result.245",0.0318999580428934,0.0226314037921256,245
"result.246",0.0272948359590019,0.0276415605492062,246
"result.247",0.0227323148472195,0.026814607186374,247
"result.248",0.0209060464169573,0.0243996944382658,248
"result.249",0.0195823267219541,0.0224950001675026,249
"result.250",0.0176859612453737,0.0210766623692606,250
"result.251",0.0165148017494225,0.0196899395049215,251
"result.252",0.0183790859904709,0.0188645004501566,252
"result.253",0.017042178986807,0.0193303272350036,253
"result.254",0.0160477604476692,0.018879655401399,254
"result.256",0.024176728015047,0.0180322807772839,256
"result.257",0.0188879539275546,0.0219587925850178,257
"result.258",0.0187029103508438,0.0207449704184555,258
"result.259",0.0169392674011136,0.0201736580793366,259
"result.260",0.0161957968772604,0.0191718861434751,260
"result.261",0.0156786391235074,0.0184677821706956,261
"result.262",0.0377753981619765,0.018562070815868,262
"result.263",0.0278894792293657,0.028056102242779,263
"result.264",0.0230920788664178,0.0274433788522757,264
"result.265",0.0224232581521972,0.0254525384331217,265
"result.266",0.0211208368515652,0.024089660581275,266
"result.267",0.0217149355819106,0.0230515153128934,267
"result.268",0.0308146333344366,0.0231001847276602,268
"result.269",0.0246303821937929,0.0263140656678971,269
"result.270",0.0220362945170793,0.0255016938515595,270
"result.271",0.0239767452298359,0.0242582680230825,271
"result.272",0.0213869413147578,0.0241794738649261,272
"result.273",0.0282957593027916,0.0235512901705377,273
"result.274",0.0213437633446959,0.0253955732257438,274
"result.275",0.0205073244790706,0.0239128336662944,275
"result.276",0.0200429130190193,0.0227541548061581,276
"result.277",0.0183250032861111,0.0218413611450288,277
"result.278",0.0174255598433272,0.0207789710821586,278
"result.279",0.0177177166333139,0.0198172068137907,279
"result.280",0.0180127029412134,0.0196162831371751,280
"result.281",0.0238262278534417,0.0197508806979059,281
"result.282",0.0203973193115555,0.0218478301758225,282
"result.283",0.0180966042785027,0.0215456640281744,283
"result.284",0.0172995304675271,0.0206363001830923,284
"result.285",0.018838089931958,0.0198638073045529,285
"result.286",0.0167690414704608,0.0199432416792646,286
"result.287",0.0176298259183814,0.0192461059228677,287
"result.288",0.0224108020369651,0.0192495843356468,288
"result.289",0.0186276083136987,0.0210292260339102,289
"result.290",0.0173632775358549,0.0205219846975169,290
"result.291",0.0187413359767325,0.0198408757989981,291
"result.292",0.0212342799019064,0.0199468821981199,292
"result.293",0.0201983080443387,0.0209077696402247,293
"result.294",0.0242608631378218,0.0210420403092755,294
"result.296",0.0188547135716278,0.0216476034815756,296
"result.297",0.0176397715167125,0.0209317366287749,297
"result.298",0.0170633986772056,0.0203279051397018,298
"result.299",0.0165498265086231,0.0194893048617999,299
"result.300",0.0160600731597606,0.0189383024605334,300
"result.301",0.0190895376923231,0.0185876586386868,301
"result.303",0.0194420689351304,0.0189732478901377,303
"result.304",0.0174972643788094,0.0197322670492568,304
"result.305",0.0169375694184965,0.0194542835390976,305
"result.306",0.0169670447363613,0.0191179213908796,306
"result.307",0.0162594987731725,0.0189412851761759,307
"result.308",0.0173631760198132,0.0186139279357533,308
"result.309",0.0160509783360274,0.018822250443371,309
"result.310",0.0171083235936868,0.0184740694683185,310
"result.311",0.0157521407775405,0.0186497805745134,311
"result.312",0.0161140607266055,0.0182841236978746,312
"result.313",0.0160945060767391,0.0182121967126321,313
"result.314",0.0158655085494941,0.01816751431911,314
"result.315",0.0178805877643208,0.0180893819807366,315
"result.317",0.0179567518164777,0.0205720367088631,317
"result.318",0.0200777176984221,0.0200842759812687,318
"result.319",0.0177188343348792,0.0205176126654365,319
"result.320",0.0267907878166932,0.0200060482053388,320
"result.321",0.0195768639806104,0.0233508570992669,321
"result.322",0.0184388044167084,0.0219301798763141,322
"result.325",0.0189402548684349,0.0226013368891032,325
"result.326",0.0186529402279193,0.0216051697595461,326
"result.327",0.0204188864702213,0.0208111995731812,327
"result.328",0.0196991013485215,0.0210319531092225,328
"result.331",0.0241538490997228,0.0196264577790899,331
"result.332",0.0184364656145032,0.0217952547476656,332
"result.333",0.0178089578423863,0.0208994935785896,333
"result.334",0.0170039153567969,0.0202545880139624,334
"result.336",0.0164089317716747,0.0194279621223856,336
"result.337",0.0217640949076006,0.0190168942878941,337
"result.339",0.0183979378476453,0.0200216261191386,339
"result.342",0.0457016861663476,0.025458849045684,342
"result.344",0.0312499081173393,0.0349837577750591,344
"result.346",0.0251933196788196,0.0281627828103481,346
"result.347",0.0217335600928843,0.0257524413617105,347
"result.348",0.0196267170992218,0.0230282447349808,348
"result.351",0.0272733569044422,0.0210254157311383,351
"result.353",0.0203029213026537,0.0236747503568537,353
"result.354",0.0186713865727115,0.0221837297091056,354
"result.356",0.0182875196914452,0.0216147970187635,356
"result.357",0.0174428395257294,0.0204856157438726,357
"result.358",0.0174510830405131,0.0197546339444088,358
"result.359",0.0319769224910469,0.0200707443504413,359
"result.360",0.0224422651088785,0.0260158303877986,360
"result.362",0.0221642003801285,0.0236141557335614,362
"result.363",0.0278033082201829,0.0234163918454371,363
"result.364",0.0294551013074308,0.02554087607475,364
"result.365",0.033209657407382,0.0275435698133535,365
"result.366",0.0262513480888207,0.0300618043608907,366
"result.367",0.030183298042999,0.0283066004691577,367
"result.368",0.0246549122691286,0.0289244444493946,368
"result.369",0.0232191733243211,0.0268762157446858,369
"result.370",0.0211091231631685,0.0251821453838019,370
"result.371",0.0286834070822028,0.02433476463397,371
"result.372",0.0227889895610482,0.0262924708589978,372
"result.373",0.0248972826638684,0.0251293482154082,373
"result.374",0.0245893989173067,0.0252492024735815,374
"result.375",0.021445446413026,0.0250600205573974,375
"result.376",0.0204799818016872,0.0237836661944826,376
"result.377",0.0347459076448166,0.0236888517357343,377
"result.378",0.0249290133501975,0.0285049962563662,378
"result.379",0.0228364453440814,0.0271032388399064,379
"result.380",0.0232470201418126,0.0256499420726541,380
"result.381",0.0214853075146932,0.024881065407051,381
"result.383",0.0257044295313869,0.023120965345349,383
"result.384",0.0216939474174793,0.0244539445544874,384
"result.386",0.0196083216443261,0.0228450266041804,386
"result.387",0.0195991367713384,0.022082163121361,387
"result.389",0.0182168706499572,0.0212158472370092,389
"result.390",0.0177674509881353,0.0205281002177102,390
"result.392",0.0163811049548126,0.0194062343806749,392
"result.393",0.0164119541913367,0.0189536110062605,393
"result.394",0.0264768537550835,0.0191754075227735,394
"result.395",0.0195082972894275,0.0221819320774372,395
"result.396",0.0196421269186148,0.021606392295773,396
"result.397",0.0180975080766473,0.0214177272388483,397
"result.398",0.0174308540864806,0.0207880873191826,398
"result.399",0.0169685703942499,0.0201723438571477,399
"result.401",0.0172604811334755,0.0205119010886321,401
"result.404",0.0216765197678786,0.0210189971291683,404
"result.407",0.0222815347752023,0.0222358110626502,407
"result.408",0.0300489962087884,0.0227096085747647,408
"result.409",0.0221404623870031,0.0256906582004106,409
"result.410",0.022593301943307,0.0246850439576249,410
"result.411",0.0205981393446587,0.0241783194549114,411
"result.412",0.0200903410173518,0.0232867384174185,412
"result.413",0.0258135996929891,0.0226328584403248,413
"result.414",0.0203255186358795,0.0240093305409275,414
"result.415",0.0195409417421985,0.0230952290417221,415
"result.416",0.0207003921220593,0.022296864060344,416
"result.417",0.0192145866911082,0.0220949855933625,417
"result.418",0.0180646610098754,0.0214848515647574,418
"result.419",0.0173214091660234,0.0206597408963418,419
"result.420",0.0206598095471457,0.0202266723650908,420
"result.421",0.0200783407273508,0.0208318260380977,421
"result.422",0.0199709856406063,0.0210251122045051,422
"result.423",0.0176741140935732,0.0210860750086894,423
"result.424",0.017412340452886,0.0204122176591781,424
"result.425",0.0183649031346166,0.0199208372589865,425
"result.426",0.0189490540117115,0.0199012416841313,426
"result.428",0.0185443966442954,0.021891375379063,428
"result.429",0.0206086971858156,0.0212271672940361,429
"result.430",0.0193238457095123,0.0214251637306191,430
"result.431",0.023348867457474,0.0213350592596626,431
"result.432",0.0186554000921493,0.0222651282322985,432
"result.433",0.018278860426009,0.0214742179985805,433
"result.434",0.0194559343184326,0.0208663365170807,434
"result.435",0.0175155041273398,0.0208344257367443,435
"result.436",0.0181795963510506,0.0202038416310373,436
"result.437",0.0169259652929841,0.0200306243271839,437
"result.438",0.0191657822780968,0.0195496387977769,438
"result.439",0.0176778932882766,0.0199402302220832,439
"result.440",0.0180770165121802,0.0197100760634825,440
"result.441",0.0210296408190589,0.0197063233126684,441
"result.442",0.0194631993685145,0.0206653070236271,442
"result.443",0.0175379240919185,0.0207054736039751,443
"result.444",0.0169826060534841,0.0201394304710121,444
"result.445",0.0171375998540302,0.0196165799336612,445
"result.446",0.0165349293745223,0.0193348636878241,446
"result.447",0.0163840987015973,0.0189709455005342,447
"result.448",0.015914989896395,0.0186447762743214,448
"result.449",0.015428767201291,0.0183689610614053,449
"result.450",0.0159342623433752,0.018018468716626,450
"result.451",0.0159493356782529,0.01796896293353,451
"result.452",0.0163776723744255,0.0179507400670857,452
"result.453",0.0151891143646394,0.0180575902153421,453
"result.454",0.0152848824411743,0.0177699334340886,454
"result.455",0.0204765856866528,0.0176599095490175,455
"result.456",0.0163968183240529,0.0193057300648931,456
"result.457",0.0167768020626204,0.0189327480000614,457
"result.458",0.0167042853490257,0.0187301779397515,458
"result.459",0.0208788265040373,0.0187120605809312,459
"result.460",0.0168168566259606,0.0200353910428177,460
"result.461",0.0195117473743755,0.0195100256362863,461
"result.462",0.0173526435820171,0.0200189750534392,462
"result.463",0.0176994249969601,0.0196496994710529,463
"result.464",0.0184198401542031,0.0195340806093682,464
"result.465",0.0168857038727842,0.0196654096304698,465
"result.466",0.0168518970098966,0.0192778520870789,466
"result.467",0.0160549481617371,0.0190150724639366,467
"result.468",0.0163108568439581,0.0186183952449781,468
"result.469",0.0224683941528232,0.0185026279879636,469
"result.470",0.0185092452388164,0.0204559970436762,470
"result.471",0.0169826834772917,0.0202552595763521,471
"result.472",0.0175799173241027,0.0196948178819198,472
"result.473",0.0169017508315743,0.019502949576669,473
"result.474",0.0170716651498316,0.0191848888384314,474
"result.475",0.0176267962909906,0.0190390861305829,475
"result.476",0.0160512880797734,0.019114359771315,476
"result.477",0.0167399998728813,0.0186887146360917,477
"result.478",0.0157934714618888,0.0186148679823432,478
"result.480",0.018202650452978,0.0179702050394681,480
"result.481",0.0156758970697177,0.0186100243619549,481
"result.482",0.0168181998952639,0.0182508389759803,482
"result.483",0.0154464643593971,0.0183393987770515,483
"result.484",0.015126125523105,0.0179962035736665,484
"result.485",0.0149904810485058,0.0176708740218103,485
"result.486",0.0152553875674717,0.0174188303289426,486
"result.487",0.0147786270915128,0.0173273423079721,487
"result.488",0.0145341900521511,0.0171463031729147,488
"result.489",0.0144601401641099,0.0169152507971475,489
"result.490",0.014167146075392,0.0167965839341875,490
"result.491",0.0139666866476857,0.0165538102572995,491
"result.492",0.0138720364367481,0.0163653647151349,492
"result.493",0.0139573287867743,0.0162068749177351,493
"result.494",0.0146341314798756,0.0161525326306204,494
"result.495",0.0137624331038355,0.0162743672795003,495
"result.496",0.0136227031996015,0.0161185830541015,496
"result.497",0.0153366372892125,0.0159576840087468,497
"result.498",0.037452244873001,0.0175193909381974,498
"result.499",0.0223253670279378,0.0265670860327916,499
"result.500",0.021468178871326,0.0251386972980683,500
"result.501",0.0227652460494721,0.024094155905054,501
"result.502",0.0201719257310577,0.0239922947448363,502
"result.503",0.0200089046316012,0.022859538825891,503
"result.504",0.0203590874784802,0.0221927410332157,504
"result.505",0.01875714768958,0.0218923665441437,505
"result.506",0.0213008186039035,0.0212486733818693,506
"result.507",0.0182737874360365,0.0216378231892449,507
"result.508",0.0188021682470362,0.0209344761905399,508
"result.509",0.0177989131686199,0.0206619551605556,509
"result.510",0.0169274309478989,0.0201864802676042,510
"result.511",0.0173651271399791,0.0195978881810603,511
"result.512",0.0163327940080381,0.0194119398489434,512
"result.513",0.0164183728848794,0.018962227343799,513
"result.514",0.0205971437499744,0.0187803168537286,514
"result.515",0.0168983205705511,0.0199037592416644,515
"result.516",0.0259832945972679,0.0195034012234387,516
"result.517",0.0186672591964547,0.0222410975712464,517
"result.518",0.0180246508125384,0.0214349305460289,518
"result.519",0.0182919004109339,0.020748265252017,519
"result.520",0.0179115806705058,0.0203838058058565,520
"result.521",0.0180704832507403,0.0200231879403034,521
"result.522",0.0207187019949259,0.0198780898600077,522
"result.523",0.0191730687087072,0.0205701941949243,523
"result.524",0.0181851447643599,0.0205080614444526,524
"result.525",0.0181611202626925,0.0202238149719776,525
"result.526",0.0176157133618826,0.0200298055955912,526
"result.527",0.0167549721594186,0.0198210925371214,527
"result.528",0.0168070086060766,0.019429202961355,528
"result.529",0.0161362526422382,0.0191913429078951,529
"result.530",0.0158079926732844,0.0188084023989958,530
"result.531",0.0202740743631337,0.0185603209293888,531
"result.532",0.0165314147881774,0.0194081656736884,532
"result.533",0.0166853946271748,0.0190437747073915,533
"result.534",0.01654750794979,0.0188714838394262,534
"result.535",0.016024873213532,0.0186959785429011,535
"result.536",0.0155136928630006,0.0184477494764153,536
"result.537",0.0162287016686048,0.0181607217867352,537
"result.538",0.0158497708634067,0.0181158488086979,538
"result.539",0.015786051242161,0.0179837457915752,539
"result.540",0.0181748238856743,0.0179275530938199,540
"result.541",0.0187741983355083,0.0185181421861458,541
"result.542",0.0209308703431357,0.0191141032074071,542
"result.543",0.0201916346719651,0.0201757546031374,543
"result.544",0.0174287631281983,0.0205518214867695,544
"result.545",0.0174259226317097,0.0200439922120879,545
"result.546",0.0167028203714598,0.019725953101549,546
"result.547",0.0171593346959782,0.0193257292892994,547
"result.548",0.0160870342660453,0.0191710645012151,548
"result.549",0.0157679959430247,0.0187821436776048,549
"result.550",0.0160523444823532,0.0184425304086133,550
"result.551",0.0155466319994123,0.0182908815930816,551
"result.552",0.0173409208834503,0.0180599381085997,552
"result.553",0.0155747892092254,0.0184639156920312,553
"result.554",0.0305450648113336,0.0183537093123292,554
"result.555",0.0195059426439124,0.0229271163492584,555
"result.556",0.0191359340031199,0.0221474925312535,556
"result.557",0.0256872837827904,0.0217660973470757,557
"result.558",0.0194994682893592,0.0231741321148675,558
"result.559",0.0197282845259928,0.02234725591412,559
"result.560",0.0194266627147314,0.0218682783467798,560
"result.561",0.0196333128838501,0.0214717329990819,561
"result.562",0.0181612352912701,0.0212566405393417,562
"result.564",0.01705308461058,0.0201641488769653,564
"result.565",0.0179861022922487,0.019704518122218,565
"result.566",0.0164225846249693,0.0195710449975408,566
"result.567",0.0161109268980964,0.0191355627471737,567
"result.568",0.0158541046308414,0.0188175434625819,568
"result.569",0.0155940936252467,0.0185186703777518,569
"result.570",0.0155489522901994,0.0182384806251932,570
"result.571",0.0161440421475244,0.0180995368805767,571
"result.572",0.0156173697153612,0.018217653251078,572
"result.574",0.0154012818061976,0.0183349451130894,574
"result.575",0.0174619542647373,0.0181408397226406,575
"result.576",0.0194690607575272,0.0186907745630478,576
"result.577",0.0182519882381001,0.0196447862923392,577
"result.578",0.0167742008399566,0.0197742414597641,578
"result.579",0.016366486900887,0.0193692073130975,579
"result.580",0.0159715068512827,0.0189715997841873,580
"result.581",0.0175390557776067,0.0186822038085168,581
"result.582",0.0161734837439633,0.0189937594118348,582
"result.583",0.0161485470367054,0.0187387092843991,583
"result.584",0.0156077503694981,0.0185879848366213,584
"result.585",0.0155975155975864,0.0183199379843799,585
"result.586",0.0153159201369278,0.0182230196284294,586
"result.587",0.0154743029058099,0.0180404096333078,587
"result.588",0.0156947782811933,0.0179829219896632,588
"result.589",0.0191341253105718,0.0180858828349315,589
"result.590",0.0173819861072548,0.0191922669053994,590
"result.592",0.0187142936720002,0.0218918726796105,592
"result.593",0.0177043905700185,0.0210596867289397,593
"result.594",0.0258334252082018,0.0204211801348251,594
"result.595",0.0202472632842157,0.0229376550657534,595
"result.596",0.0193640110497083,0.0221692699490532,596
"result.598",0.018827232439614,0.0212299896173462,598
"result.599",0.0174294759849489,0.0207654863659386,599
"result.600",0.0178144052298487,0.0200920338924604,600
"result.601",0.0175352298667551,0.019852774791751,601
"result.604",0.0198093701565175,0.0202051442539712,604
"result.605",0.018532300088826,0.0206164533399615,605
"result.606",0.0175421681683094,0.0203733274908799,606
"result.607",0.0171276342468259,0.0199248902051821,607
"result.608",0.0164217901662798,0.0195678260684602,608
"result.610",0.0175857400616128,0.0194024988645864,610
"result.611",0.019667586373937,0.0195080076779632,611
"result.612",0.0186184577485395,0.0202013315607203,612
"result.613",0.0170658480577488,0.0202033339390013,613
"result.614",0.0177790292964961,0.0196978313214444,614
"result.615",0.0165003371275466,0.0196611017642496,615
"result.616",0.0189396419414079,0.0192701972616405,616
"result.617",0.0194358086660988,0.0198334182891315,617
"result.618",0.0183909721701861,0.0202752709837668,618
"result.619",0.016996998493128,0.020131845602684,619
"result.620",0.0167736949469582,0.0196518172569213,620
"result.621",0.0172878178010415,0.0193377031087962,621
"result.623",0.02464467461714,0.0190705562954534,623
"result.624",0.0182563417405222,0.0216727231931273,624
"result.625",0.0192629009606505,0.0209039960873625,625
"result.626",0.0184081847544454,0.0207786053876973,626
"result.627",0.0171779859540268,0.0204416802009533,627
"result.628",0.0175014936830953,0.0199267421300746,628
"result.629",0.0181127121828214,0.0197310571964877,629
"result.630",0.01673758836784,0.0197952394048073,630
"result.631",0.0166765196981832,0.0194302720686963,631
"result.632",0.0161169334724227,0.0192017626331804,632
"result.634",0.0157234313230692,0.0186732247566894,634
"result.635",0.0196962191363428,0.0185882294918045,635
"result.636",0.0171868450137115,0.0197484732608828,636
"result.638",0.0161210859714402,0.0192098535124146,638
"result.639",0.019579167043631,0.0189810956342669,639
"result.640",0.0189155635638012,0.0199260541444275,640
"result.641",0.0258426407641079,0.0202726639544366,641
"result.643",0.0203369439854794,0.0219867963339269,643
"result.645",0.0215254987753423,0.0211808014614761,645
"result.646",0.0210842188618679,0.0216464136897017,646
"result.647",0.0190148039327612,0.0217364355396867,647
"result.648",0.0178324757762477,0.0211348490262324,648
"result.649",0.0180467586424707,0.0204448343835466,649
"result.650",0.0169316799147567,0.0201937033460453,650
"result.651",0.0165472581841951,0.0197027899376749,651
"result.652",0.0162798350061028,0.0193489099229893,652
"result.653",0.0161524786874327,0.019048408649617,653
"result.654",0.0162721518771445,0.0189043449056712,654
"result.655",0.0158746104556543,0.0188295077599392,655
"result.656",0.0164246793573669,0.0187050274090339,656
"result.657",0.016946669966341,0.0187707813959364,657
"result.658",0.016060439580854,0.0189758741485306,658
"result.660",0.024234813772251,0.02178081188503,660
"result.661",0.0192321831923352,0.0228855387331279,661
"result.662",0.0210128979271571,0.0216878348743208,662
"result.663",0.0233184430420881,0.0217487451927596,663
"result.665",0.0190343026432199,0.02162909941962,665
"result.666",0.0183941386741278,0.0210112065312487,666
"result.667",0.0236145366182387,0.0205589936702424,667
"result.668",0.0212785645928335,0.0222309093528779,668
"result.670",0.0186777622156813,0.0218209520753092,670
"result.672",0.0170810599895276,0.0202445923266694,672
"result.673",0.017434847323011,0.0197192285316916,673
"result.675",0.0163295353097803,0.0193199739451799,675
"result.676",0.0180738194936352,0.0190817371335115,676
"result.677",0.0179929022301578,0.01955326942943,677
"result.679",0.0166155559727166,0.0193680819600885,679
"result.680",0.0165266769780314,0.0191369327246278,680
"result.681",0.018485080981495,0.0190204480383542,681
"result.682",0.0184286862625459,0.019650053133212,682
"result.684",0.0186239796770296,0.0196094731701422,684
"result.685",0.0190124027960903,0.0199640403635968,685
"result.686",0.0169709308688384,0.0202402956284615,686
"result.687",0.0165853576414627,0.019633762183382,687
"result.688",0.0270875505140953,0.0193349337713116,688
"result.692",0.0246951128859412,0.0212833204143195,692
"result.693",0.0192754254998129,0.0229952346492794,693
"result.694",0.0211375885278388,0.0216891850243641,694
"result.695",0.0187502247361703,0.0217812314885251,695
"result.696",0.0237327090395266,0.0210026700823462,696
"result.697",0.0201936923311894,0.0224843484591233,697
"result.698",0.0182879474048251,0.0217887395060998,698
"result.699",0.0189268620033448,0.020835490813802,699
"result.700",0.0213704689560585,0.0206508703117478,700
"result.701",0.0222694750825558,0.0214566826139517,701
"result.702",0.0191065591239527,0.0221118260709048,702
"result.703",0.0178162273862824,0.0212558775088851,703
"result.704",0.0171270966944432,0.0204190472255803,704
"result.705",0.0189361325089912,0.019887764433399,705
"result.706",0.0181744482942411,0.0202355092328261,706
"result.707",0.0193066549880146,0.0201601856249098,707
"result.709",0.0170771025684958,0.0199169263713301,709
"result.710",0.0167159989677145,0.0196250264957811,710
"result.712",0.0164158075930068,0.0193264468921583,712
"result.713",0.0160916802072494,0.0191404462918783,713
"result.715",0.0162503308120487,0.0188631217752615,715
"result.716",0.0158296072564802,0.0188555018434684,716
"result.717",0.016401350664825,0.0187098241820891,717
"result.718",0.0158870856409333,0.018799228795821,718
"result.719",0.0172908621865894,0.0186597229025196,719
"result.720",0.0181297276692296,0.0190614976867138,720
"result.721",0.0173792706302317,0.0194027247158388,721
"result.722",0.0163580168844361,0.0193562464695916,722
"result.723",0.0201179624402543,0.0191006327879748,723
"result.724",0.0184220089312984,0.0201695265904291,724
"result.725",0.018941222448232,0.0201875758738979,725
"result.726",0.0171551962390516,0.0200077568269208,726
"result.727",0.0165651729292115,0.0196321868130767,727
"result.728",0.019127642429922,0.0192380440829325,728
"result.729",0.023293091731715,0.0199164138076284,729
"result.730",0.0191557580187501,0.0217313507533206,730
"result.731",0.0195237220890804,0.0211802123682006,731
"result.732",0.0206435250917883,0.021025276060918,732
"result.733",0.0188338799336174,0.0213101918216054,733
"result.734",0.0214017583715984,0.0208756090421574,734
"result.735",0.018575354336496,0.0214822489945377,735
"result.736",0.0181776759941123,0.0208643391327215,736
"result.737",0.0172160270323497,0.0204308624938463,737
"result.739",0.0168729289038596,0.0194541422676977,739
"result.740",0.0171473771418333,0.0192399742607776,740
"result.742",0.0203375193054697,0.0206525647268379,742
"result.743",0.0180268543645812,0.0210376080170462,743
"result.745",0.0195681874155756,0.019899717128034,745
"result.746",0.0171059160587867,0.020371737196264,746
"result.748",0.0170787233777483,0.0197596738357007,748
"result.749",0.0191031454384557,0.0195112774176707,749
"result.750",0.0175141059724041,0.0200117254126226,750
"result.752",0.0228699165476076,0.0206206471132688,752
"result.754",0.0210022776739841,0.0216630639728024,754
"result.755",0.0182098547355188,0.0217146689044725,755
"result.756",0.0212711791324819,0.0209057599054532,756
"result.757",0.0202028372419054,0.021462249340054,757
"result.758",0.0246755203698284,0.0214269494146535,758
"result.759",0.0195920660731485,0.02300271119271,759
"result.760",0.0187983728738146,0.0220054786736412,760
"result.761",0.0322680855011263,0.0213356458938918,761
"result.762",0.0228202405953807,0.0261364749325921,762
"result.763",0.0334773515112221,0.0250783008901649,763
"result.764",0.0254025316129378,0.0284606691850868,764
"result.765",0.0237097191929515,0.0268936186966542,765
"result.766",0.0218724237029765,0.0254519110907054,766
"result.767",0.0208125450465161,0.0240461179491476,767
"result.768",0.01924470793515,0.0229033627937909,768
"result.769",0.027323519390048,0.0222272772933891,769
"result.770",0.0213550901622281,0.0244041754165139,770
"result.771",0.0196012201590647,0.0233812086112053,771
"result.772",0.0189354952007724,0.0222238413395317,772
"result.773",0.0177945057069469,0.0212302896297913,773
"result.774",0.0331483167008507,0.0213150848509898,774
"result.775",0.0259027046391724,0.0260323604288786,775
"result.776",0.0307905917668031,0.0262120084483044,776
"result.777",0.0240152319570405,0.0278065167876846,777
"result.778",0.0245523331498461,0.0263882261131769,778
"result.779",0.0227542705512283,0.0256501211086047,779
"result.780",0.0215645844192658,0.0245554423050365,780
"result.781",0.0262577378355843,0.0238900065580125,781
"result.782",0.0208063923340739,0.0248202676284777,782
"result.783",0.0251413027098539,0.0237335329772108,783
"result.784",0.0289615612862595,0.0245985958367285,784
"result.785",0.0265513632241621,0.0263591464102646,785
"result.786",0.0326721079825079,0.0266797273058117,786
"result.787",0.0310732247992004,0.0291326080843888,787
"result.788",0.0408663251812982,0.0302937678666879,788
"result.789",0.0294357753476222,0.0346001169265477,789
"result.790",0.0270473063012521,0.0320144559153945,790
"result.791",0.0251007727522628,0.0297288785448799,791
"result.792",0.0255234378292752,0.0276289256624906,792
"result.793",0.0345347563672081,0.0276008091667919,793
"result.794",0.0257472451501707,0.0303292245857492,794
"result.795",0.0291076755756622,0.0287180289778419,795
"result.796",0.0254122909782069,0.0288417045199836,796
"result.797",0.0293888271448868,0.0279416117791058,797
"result.798",0.0248723222099145,0.0284871989768689,798
"result.799",0.0228110887471764,0.0271664790755111,799
"result.800",0.0240840503828629,0.0256918727497535,800
"result.801",0.0232746405092787,0.0253871280995739,801
"result.802",0.0210415173741594,0.0247384649759184,802
"result.803",0.0229817984006729,0.0238140545497529,803
"result.804",0.019877602792954,0.0237221483396794,804
"result.805",0.0220521569524603,0.0227854179247586,805
"result.806",0.0219490746480987,0.0229124791326782,806
"result.807",0.0191820773328292,0.0228740690143425,807
"result.808",0.019044635486334,0.021936648977281,808
"result.809",0.0211065769486206,0.0213786025059548,809
"result.810",0.0314297721227535,0.0222963184335399,810
"result.811",0.031022748058454,0.0261671382582804,811
"result.812",0.0242922403722178,0.0282341593726372,812
"result.813",0.0229522848634635,0.0268302140846615,813
"result.814",0.0260206900910402,0.0256731393743692,814
"result.815",0.0220766131073741,0.0260664620567539,815
"result.816",0.0209780521438966,0.0249529735776193,816
"result.817",0.0228513363895281,0.0240297526534121,817
"result.818",0.0204665862218932,0.0239237585984498,818
"result.819",0.0231285685756749,0.0231766871997721,819
"result.820",0.0214902272213511,0.0234989459068871,820
"result.821",0.0224199437015264,0.0231858952135653,821
"result.822",0.019460158293509,0.0232196289058706,822
"result.823",0.0187120678356191,0.0223242017155982,823
"result.824",0.0214201129825228,0.0216276151797885,824
"result.825",0.0184015995179113,0.0219614418764493,825
"result.826",0.019100805491284,0.0212139767200696,826
"result.827",0.0175734202083902,0.0209564045239787,827
"result.828",0.0173619541166176,0.0203055185715542,828
"result.829",0.0168495224224402,0.0198518334291933,829
"result.830",0.0163785073486542,0.0194143211881013,830
"result.831",0.0159656918070118,0.0190012865835385,831
"result.832",0.0206593863639765,0.0187556580999839,832
"result.833",0.0170132375932403,0.0202136335794236,833
"result.834",0.021253549486775,0.019753812217111,834
"result.835",0.0188868934058753,0.0209541526223873,835
"result.836",0.025168821236902,0.0208311883203223,836
"result.837",0.0203418289248747,0.0230318181995344,837
"result.838",0.0191124528042245,0.0224530997950652,838
"result.839",0.0211970425371219,0.0217666530277327,839
"result.840",0.0185968428040304,0.0220285484639575,840
"result.841",0.0179971530769578,0.0213292313044278,841
"result.842",0.0173650248732391,0.0207165042749509,842
"result.843",0.0177688794687403,0.0201408382420354,843
"result.844",0.0189553020093352,0.0199481307668279,844
"result.845",0.020825655588799,0.0202566503638124,845
"result.846",0.0177173610086609,0.0210689231686914,846
"result.847",0.0180715954939874,0.0204719590931646,847
"result.848",0.0182900516351621,0.0202384820038972,848
"result.849",0.0172734754583567,0.0201735607662599,849
"result.850",0.0170922366807626,0.0197913170808377,850
"result.851",0.0193405331498307,0.0195378410273932,851
"result.852",0.0169170111204184,0.0201524299044209,852
"result.853",0.0168157466285174,0.0196591485243758,853
"result.854",0.0176336049633343,0.0193374051456843,854
"result.855",0.0197249811817193,0.0194831428042122,855
"result.856",0.0178855141689571,0.0202918424176843,856
"result.857",0.0201972761334005,0.0200682375347085,857
"result.858",0.020762627742681,0.0208028885551457,858
"result.859",0.0183174740788424,0.02138844630732,859
"result.860",0.0175322485204579,0.020826679661873,860
"result.861",0.0173205182312437,0.0202436971946796,861
"result.862",0.0166617764999443,0.0198459978944996,862
"result.863",0.0170715714668578,0.0194107603226357,863
"result.864",0.0168421273576307,0.0193095859725858,864
"result.865",0.0163244145964763,0.0191730682127016,865
"result.866",0.0170446388500369,0.0189351047658661,866
"result.867",0.0171537987975866,0.0190526181564721,867
"result.868",0.0223349149782798,0.0192387665236353,868
"result.869",0.0177548494023294,0.0211849646455633,869
"result.870",0.0193252233135071,0.0205475408678026,870
"result.871",0.0201882139058353,0.0207449175234089,871
"result.872",0.018822219867111,0.0211466818688351,872
"result.873",0.018376733340547,0.020880312547213,873
"result.874",0.0198747038960101,0.0206008095082879,874
"result.875",0.017648405014758,0.0209437658940388,875
"result.876",0.0189623773230481,0.0204062716681435,876
"result.877",0.0172731319267793,0.020513485560322,877
"result.878",0.0224605167912446,0.0200619300373361,878
"result.879",0.0180416386015899,0.0215298396801487,879
"result.880",0.0264693507918536,0.0209523548083084,880
"result.881",0.0237843355017189,0.023594588048816,881
"result.882",0.0208766871399592,0.0239062454270211,882
"result.883",0.0218547221725273,0.0231975658698147,883
"result.884",0.0205673211622221,0.0230789103180129,884
"result.885",0.0193368853403509,0.0226041302565179,885
"result.886",0.0183778583808147,0.0219076314855684,886
"result.887",0.0194697012407892,0.0212301804285531,887
"result.888",0.0191515964027131,0.0211504869025205,888
"result.889",0.0285641546843913,0.0211244399693342,889
"result.890",0.022982728971965,0.0245810909225312,890
"result.891",0.0245040204608404,0.0242284819657002,891
"result.892",0.0214030371519825,0.02463696830835,892
"result.893",0.0218569565376456,0.0237651616223715,893
"result.894",0.0227458207821455,0.0234255715644807,894
"result.895",0.0284735893955599,0.0235992071297275,895
"result.896",0.0226914483724104,0.0258020140036663,896
"result.897",0.0211382299873834,0.0248471735735976,897
"result.898",0.0199466644282016,0.023803197379074,898
"result.899",0.0318092275739258,0.0229451000999816,899
"result.900",0.0240910944766201,0.0268270711018275,900
"result.901",0.0218725933744044,0.0259461273453141,901
"result.902",0.0207751893988454,0.0247301167255998,902
"result.903",0.0238805017754893,0.0236938911647897,903
"result.904",0.0242646505614614,0.0238828002175282,904
"result.905",0.0261567159156009,0.0245494057453826,905
"result.906",0.0213028142013923,0.0253517439380673,906
"result.907",0.0205293889155882,0.0242231907929593,907
"result.908",0.0199903044823443,0.0233129401865781,908
"result.909",0.0191528083356238,0.0224723591839293,909
"result.910",0.0296758091869513,0.0222929844250572,910
"result.911",0.0309507607801407,0.025269133331598,911
"result.912",0.0265075993123794,0.0273922719253861,912
"result.913",0.0243459588537864,0.0271067072155446,913
"result.914",0.0251181875984621,0.0264121350362743,914
"result.915",0.0245210263744117,0.0261740952927809,915
"result.916",0.0217620811655059,0.0258144819732919,916
"result.917",0.0401254102188885,0.0252411578634266,917
"result.918",0.0256461667253444,0.0303289429849301,918
"result.919",0.0305921303896694,0.0292287238361624,919
"result.920",0.0250113544927696,0.029569816668932,920
"result.921",0.0273973385581182,0.0283355522851352,921
"result.922",0.0267071453326429,0.0282082028145467,922
"result.923",0.0233138988053739,0.0277291826261958,923
"result.924",0.0513698517206796,0.0275960205311279,924
"result.925",0.0451275813996949,0.0368087411643003,925
"result.926",0.046511322874923,0.0400674865697042,926
"result.927",0.0372333771346966,0.0419496335726208,927
"result.928",0.0366253182289503,0.0400532232544677,928
"result.929",0.0338421602426889,0.0388288256834883,929
"result.930",0.0323428969877739,0.0370495085957074,930
"result.931",0.0301768398656271,0.0354443058766449,931
"result.932",0.0343274139648746,0.0339186616704907,932
"result.933",0.0287944061936902,0.0339496903912888,933
"result.934",0.0354236658082955,0.0326441688462538,934
"result.935",0.0420868113761805,0.0340383951648775,935
"result.936",0.0312520768285813,0.0366731396703486,936
"result.937",0.0846406669033341,0.0374178325998784,937
"result.938",0.0500944674365822,0.0573236777171431,938
"result.939",0.0677904822620572,0.0558345650609979,939
"result.940",0.051382568431014,0.0596885922335346,940
"result.941",0.0488511037973973,0.0565512946458924,941
"result.942",0.0464940275131113,0.0537863157623875,942
"result.943",0.0456025667466958,0.0513059563511362,943
"result.944",0.0420911697727418,0.0493245686321231,944
"result.945",0.0423016298893725,0.0470005541996485,945
"result.946",0.0386542517470909,0.0453819673794627,946
"result.947",0.0367310722425419,0.042867680107598,947
"result.948",0.0366974640577728,0.0407259937259212,948
"result.949",0.0337891402482539,0.0394819188394919,949
"result.950",0.0318647641957581,0.0374904462217032,950
"result.951",0.0429349298773529,0.0369890706451983,951
"result.952",0.0330967564310949,0.0390459670757721,952
"result.953",0.0318191809261391,0.0371407067118739,953
"result.954",0.0308913859754384,0.0353255621375936,954
"result.955",0.0284851562943475,0.0337860075795575,955
"result.956",0.0286773775553327,0.0321247607042139,956
"result.957",0.0356828539445372,0.0319527375728157,957
"result.958",0.0303108736157752,0.03344412874592,958
"result.959",0.0293465035216457,0.0325103458542699,959
"result.960",0.0318598599226701,0.0317979995526869,960
"result.961",0.0309639860912038,0.0319260599391029,961
"result.962",0.0280713246593281,0.0318354003906549,962
"result.963",0.0352448361483295,0.0312089705416483,963
"result.964",0.0286415426350492,0.0329074831376843,964
"result.965",0.0268025141253709,0.0317376105630913,965
"result.966",0.0350471976213158,0.03071842372551,966
"result.967",0.0286687535376343,0.0325483743541426,967
"result.968",0.0265164560354325,0.0315176645645963,968
"result.969",0.0258575723713927,0.030078615788149,969
"result.970",0.0434312719361507,0.0299367122473981,970
"result.971",0.0298101852641012,0.0352550272238616,971
"result.972",0.0290248997153352,0.0337629584265002,972
"result.973",0.0273575538412072,0.0324417347071702,973
"result.974",0.026474032893065,0.0311098495112887,974
"result.975",0.0252089475962436,0.0298276056092064,975
"result.976",0.0241406379782815,0.0286100523842592,976
"result.977",0.0235133379456147,0.0276772134203824,977
"result.978",0.0224965327972014,0.026577796112754,978
"result.979",0.0343255448130151,0.0262718479817394,979
"result.980",0.0252582396228562,0.0296345404934542,980
"result.981",0.0251630697364812,0.0288535424781955,981
"result.982",0.0274892135220091,0.0282855486028026,982
"result.983",0.0257645393955757,0.0283695318970061,983
"result.984",0.0234693180817414,0.0279091667642106,984
"result.985",0.0231853535063471,0.027011957570501,985
"result.986",0.0221031851561764,0.0262581549462979,986
"result.987",0.022721809127659,0.0253925626613878,987
"result.988",0.0211264022120107,0.0249260555409805,988
"result.989",0.0208753009860595,0.0241927160964153,989
"result.990",0.0198443843485499,0.0235315254479147,990
"result.991",0.0194762513119091,0.0228537689691208,991
"result.992",0.0188043168069798,0.0222275071262388,992
"result.993",0.0182159108773494,0.0215951689606797,993
"result.994",0.0177024223257105,0.0209778226335047,994
"result.995",0.0188572777694369,0.0204851914736182,995
"result.996",0.0171510668021937,0.020450188141389,996
"result.997",0.0168637372542248,0.0199015542073013,997
"result.998",0.0163880631452083,0.0194398590923512,998
"result.999",0.0164321677870514,0.019003320208391,999
"result.1000",0.0161050192347964,0.0187284370982397,1000
"result.1001",0.0155845703371135,0.0184417240139751,1001
"result.1002",0.0156897220521808,0.0180984742101984,1002
"result.1003",0.0156503188181761,0.0179150116947469,1003
"result.1004",0.0173179086594742,0.0178483692006282,1004
"result.1005",0.0154145040239651,0.018339016781276,1005
"result.1006",0.0154921687839125,0.0179853211274192,1006
"result.1007",0.015198546500994,0.017785478997915,1007
"result.1008",0.0161790153345301,0.0176000589509258,1008
"result.1009",0.0153562833009418,0.0177696425877016,1009
"result.1010",0.0150516258507749,0.0176094345826741,1010
"result.1011",0.0166976556205611,0.0174414541210481,1011
"result.1012",0.0151838856871524,0.0178709108482948,1012
"result.1013",0.0148228955356271,0.0176095866148174,1013
"result.1014",0.0151533612712638,0.0173118820051243,1014
"result.1015",0.0161883976384229,0.017270198621425,1015
"result.1016",0.0148068258048698,0.0175956819081833,1016
"result.1017",0.0146032095872131,0.0172867768282217,1017
"result.1018",0.0144098254493965,0.0170107571200404,1018
"result.1019",0.0141670714135574,0.016781044946292,1019
"result.1020",0.0148396328977493,0.0165168041205916,1020
"result.1021",0.0202999705898018,0.0168163605365024,1021
"result.1022",0.0169684333817424,0.01902316216961,1022
"result.1023",0.0170196386155322,0.0189465380605256,1023
"result.1024",0.0158714894397207,0.01890058494768,1024
"result.1025",0.0155161741547201,0.018472057070916,1025
"result.1026",0.0167079929336907,0.0181069966078624,1026
"result.1027",0.0153537171977709,0.0182753129480702,1027
"result.1028",0.0157984750711956,0.0179152000645715,1028
"result.1029",0.0149973799695573,0.017828218672868,1029
"result.1030",0.0147697254377443,0.0175176086573643,1030
"result.1031",0.014622177610802,0.0172072321323427,1031
"result.1032",0.015067714127644,0.0169849096470855,1032
"result.1033",0.0145476076355839,0.016999259452497,1033
"result.1034",0.0141649731920414,0.0168047950114456,1034
"result.1035",0.0147180267138086,0.0165461556138879,1035
"result.1036",0.0143108338876391,0.0165588837491768,1036
"result.1037",0.0141089549476644,0.0164272972146264,1037
"result.1038",0.0164485331990477,0.0163536607703847,1038
"result.1039",0.0150315481970053,0.0170575583014383,1039
"result.1040",0.0153305549601406,0.0170009074764934,1040
"result.1041",0.0144796879046581,0.0170441466650786,1041
"result.1042",0.0149870168793251,0.0168154639094453,1042
"result.1043",0.0145679971304753,0.0167972000174856,1043
"result.1044",0.0140617074709982,0.0166567683309395,1044
"result.1045",0.0145104420531173,0.0163900757704525,1045
"result.1046",0.0160003656427531,0.0164152254816159,1046
"result.1047",0.014868772544388,0.0169157629170584,1047
"result.1048",0.014639311370466,0.0168340706976338,1048
"result.1049",0.0140544914290959,0.0166824652737247,1049
"result.1050",0.0160859549627026,0.0164527955409355,1050
"result.1051",0.014311029255921,0.0169554970867907,1051
"result.1052",0.0161283058044227,0.0166961211623473,1052
"result.1053",0.0190123434042024,0.0172376347019494,1053
"result.1054",0.015563814355441,0.0185286654090575,1054
"result.1055",0.0162554994400766,0.0181048931730672,1055
"result.1056",0.0179543800806128,0.0180998447947687,1056
"result.1057",0.016341010609016,0.0186680301871931,1057
"result.1058",0.0162793963402938,0.0184772585000346,1058
"result.1059",0.0153637804662952,0.0182643706932524,1059
"result.1060",0.0157773750030875,0.0178677021877363,1060
"result.1061",0.0152915291233615,0.0177427423055931,1061
"result.1062",0.0147068593287207,0.0174838154912962,1062
"result.1063",0.0166945719431588,0.0171622909011901,1063
"result.1064",0.0158417053420612,0.0176140835267162,1064
"result.1065",0.0147854426958313,0.0175810829322316,1065
"result.1066",0.0150546622772301,0.0171969916962169,1066
"result.1067",0.016274772255654,0.0170841502725594,1067
"result.1068",0.0147319696280413,0.0174198687462237,1068
"result.1069",0.0144360350025787,0.0170660024181402,1069
"result.1070",0.0145954767872207,0.0167583178459196,1070
"result.1071",0.0148225908385374,0.0166391047163259,1071
"result.1072",0.0143475808694353,0.016590882931915,1072
"result.1073",0.0147247947845204,0.0164391381439586,1073
"result.1074",0.0148148476629169,0.0164558177047311,1074
"result.1075",0.0142947855151593,0.0164927120363885,1075
"result.1076",0.0151451925380263,0.0163210107806933,1076
"result.1077",0.0140297109378372,0.0165033982713751,1077
"result.1078",0.0160600769519196,0.0163069879093243,1078
"result.1079",0.0156097295318278,0.016835867579239,1079
"result.1080",0.0157286447638294,0.0169914210745432,1080
"result.1081",0.0145346737496382,0.0171525715294152,1081
"result.1082",0.015214015717993,0.0168278221586107,1082
"result.1083",0.0143774859961181,0.0168369141454221,1083
"result.1084",0.0139533038977855,0.0165374028032019,1084
"result.1085",0.0143418848920698,0.0162413983347207,1085
"result.1086",0.0141837210510808,0.016157275845508,1086
"result.1087",0.0190502724404798,0.0161479834909741,1087
"result.1088",0.0171370511293787,0.0178447153641415,1088
"result.1089",0.0169404710464586,0.0181681336701232,1089
"result.1090",0.0158822755964794,0.0182881917803073,1090
"result.1091",0.0212701706612098,0.0181322002960158,1091
"result.1092",0.0171452921397941,0.0198825308949395,1092
"result.1093",0.0186193112864504,0.0195185160953955,1093
"result.1094",0.0169942617113377,0.0197159954258197,1094
"result.1095",0.0164115458486814,0.019326638837363,1095
"result.1096",0.0159156196928266,0.0188758620312868,1096
"result.1097",0.0155564808514028,0.0184616149783992,1097
"result.1098",0.0211913862370557,0.0180876712885052,1098
"result.1099",0.0167459261776085,0.0198275606091372,1099
"result.1100",0.0169578531822952,0.0193243730291712,1100
"result.1101",0.0249129535449297,0.019145526650199,1101
"result.1102",0.0184146501538988,0.0219512338912793,1102
"result.1103",0.0178281715230426,0.0212555099606462,1103
"result.1104",0.0173541688751077,0.0206187729833616,1104
"result.1105",0.0171716508849645,0.0200483979909265,1105
"result.1106",0.0164890160521257,0.0196041594507719,1106
"result.1107",0.0168584838757124,0.0190947203428564,1107
"result.1108",0.0159121497070183,0.0188820178193581,1108
"result.1109",0.0272157964659446,0.0185423637887041,1109
"result.1110",0.024630687267227,0.0226407852134329,1110
"result.1111",0.0213635523070173,0.0238634479709461,1111
"result.1112",0.0204487173449279,0.0234907464601761,1112
"result.1113",0.0208901880331696,0.0229697757257057,1113
"result.1114",0.0195356266000543,0.0227535880296799,1114
"result.1115",0.0218124572798536,0.0221994175883324,1115
"result.1116",0.0214237073925868,0.0225916233005776,1116
"result.1117",0.0199090580805066,0.0226969668689563,1117
"result.1118",0.0208587649320576,0.0222687865503204,1118
"result.1119",0.0192832626425573,0.0222974891879275,1119
"result.1120",0.0195551747566834,0.0217892466854508,1120
"result.1121",0.0180517871279876,0.0215396272720554,1121
"result.1122",0.01863926376679,0.0208655163898968,1122
"result.1123",0.0173056471912959,0.0206450901316302,1123
"result.1124",0.0168006486082948,0.0200307059771845,1124
"result.1125",0.0163179225001902,0.0194511903931911,1125
"result.1126",0.017771556252274,0.0189262766957867,1126
"result.1127",0.0162638370519279,0.0190856629438301,1127
"result.1128",0.0189312936490276,0.0186798795634147,1128
"result.1129",0.0214009802059462,0.0194018385075267,1129
"result.1130",0.0194567710556363,0.0207654588047248,1130
"result.1131",0.0180246186849494,0.0208513295010206,1131
"result.1132",0.0218096891821347,0.0204210345139515,1132
"result.1133",0.0180202927528223,0.0215041086834233,1133
"result.1134",0.0186710648238388,0.0208284122168365,1134
"result.1135",0.0179801685151418,0.02061685580383,1135
"result.1136",0.0174179652742853,0.0202373418588095,1136
"result.1137",0.0181595915415264,0.0198186946341181,1137
"result.1138",0.0168448313337671,0.0197708738372953,1138
"result.1139",0.0214571317081707,0.0193336714490684,1139
"result.1140",0.0304534027803125,0.020816625787937,1140
"result.1141",0.0315501780954793,0.0256083017350974,1141
"result.1142",0.0274871661937695,0.0285902986674458,1142
"result.1143",0.0243781346015846,0.0286197964226105,1143
"result.1144",0.0234851377275347,0.0275319818561073,1144
"result.1145",0.0235934161532053,0.0265853308979231,1145
"result.1146",0.0230923341644981,0.0259953134270674,1146
"result.1147",0.0220931455538533,0.0254632968760617,1147
"result.1148",0.0211318038487236,0.0247387666896159,1148
"result.1149",0.0200822997671364,0.0239652003755779,1149
"result.1150",0.0277730287188329,0.0231608023504677,1150
"result.1151",0.0256802267413879,0.0255647091544873,1151
"result.1152",0.0225811680468738,0.0261766739212206,1152
"result.1153",0.0217083402510747,0.0253951938214314,1153
"result.1154",0.0209017745706964,0.02459514232131,1154
"result.1155",0.0212798354735975,0.0237985999958781,1155
"result.1156",0.0202577787372452,0.0234322549681067,1156
"result.1157",0.0191464650332801,0.0228392458525306,1157
"result.1158",0.0199230493556731,0.0220628206552291,1158
"result.1159",0.0183395424538631,0.0218335223879862,1159
"result.1160",0.0182009187426762,0.0211398309713999,1160
"result.1161",0.0201455476970807,0.0206625331775356,1161
"result.1162",0.0266398435076846,0.0211320179875187,1162
"result.1163",0.021266775951835,0.0239323531171678,1163
"result.1164",0.0208376606570198,0.0235241169182174,1164
"result.1165",0.0231083707754581,0.0231116970316592,1165
"result.1166",0.0198651492806047,0.0236570674109302,1166
"result.1167",0.0194278213421829,0.0228517525728975,1167
"result.1168",0.0186150743174403,0.0221891164793888,1168
"result.1169",0.0190725111237102,0.0214958933032747,1169
"result.1170",0.0178102104509894,0.0211845573610603,1170
"result.1171",0.0173578772995375,0.0205571371362012,1171
"result.1172",0.0174970904080813,0.0200081938697352,1172
"result.1173",0.0268931217928597,0.0198060798466813,1173
"result.1174",0.0217011083010125,0.0231502884983072,1174
"result.1175",0.0197771100860969,0.0231697337898211,1175
"result.1176",0.0189950208959622,0.0225367244594636,1176
"result.1177",0.0186033839645217,0.0218633284338736,1177
"result.1178",0.0178577324878804,0.0212759955926813,1178
"result.1179",0.0181029129200021,0.0206702526023506,1179
"result.1180",0.0177331721403952,0.0203190727148197,1180
"result.1181",0.0363626259629741,0.0201934893369256,1181
"result.1182",0.0243726548593954,0.0273352456914679,1182
"result.1183",0.031203524001279,0.0269429826882899,1183
"result.1184",0.0246863292829151,0.0289478653916646,1184
"result.1185",0.0235443456102749,0.0279302296958477,1185
"result.1186",0.0241633310905425,0.0269604100521477,1186
"result.1187",0.0275555621952771,0.0265471659309569,1187
"result.1188",0.0229361260628204,0.0273354437500117,1188
"result.1189",0.0281724046403431,0.0264409292817689,1189
"result.1190",0.0230603869603391,0.0274646466600856,1190
"result.1191",0.0226950077481562,0.0265135372580474,1191
"result.1192",0.0215786504272568,0.0257324692801362,1192
"result.1193",0.0215987605702426,0.0248645913221637,1193
"result.1194",0.021858239017611,0.024281273386201,1194
"result.1195",0.0220485566787156,0.0239813248947272,1195
"result.1196",0.0314007548180872,0.0238980816046777,1196
"result.1197",0.0259585681559812,0.0272083839410371,1197
"result.1198",0.0523486505080743,0.0277162573056202,1198
"result.1199",0.0338126572659764,0.0390582215249182,1199
"result.1200",0.0477269425346067,0.0380646875678465,1200
"result.1201",0.0361652363542249,0.0423196061171822,1201
"result.1202",0.0368183712682501,0.0405311085514981,1202
"result.1203",0.036132121709561,0.0395959700386257,1203
"result.1204",0.034654716536781,0.0388951342765935,1204
"result.1205",0.0356564947477728,0.0378219382620628,1205
"result.1206",0.0318352107664839,0.0375159666470282,1206
"result.1207",0.0304564955302775,0.035934732882076,1207
"result.1208",0.0322247799690211,0.0344632900164541,1208
"result.1209",0.0304527202227267,0.0341200810833229,1209
"result.1210",0.0280205581085227,0.0332348459926024,1210
"result.1211",0.0268108683686884,0.0318525766576627,1211
"result.1212",0.0278708572430016,0.0305631875194976,1212
"result.1213",0.0253088797904311,0.0300572555901297,1213
"result.1214",0.0262739458879699,0.0288793624110966,1214
"result.1215",0.0240914766832346,0.0284007722320965,1215
"result.1216",0.0230063629535307,0.0273486913859742,1216
"result.1217",0.0229110564370108,0.0262886405006029,1217
"result.1218",0.0254137906173427,0.0256761403926262,1218
"result.1219",0.0224666078737098,0.0260459456197779,1219
"result.1220",0.023578488851943,0.0253297333483076,1220
"result.1221",0.0284473195353412,0.0253794066320765,1221
"result.1222",0.0254123466188793,0.027132535172278,1222
"result.1223",0.0242780877357087,0.0270211886606901,1223
"result.1224",0.0225711881001192,0.0265603414712032,1224
"result.1225",0.0220795378964617,0.0256561108845617,1225
"result.1226",0.0228839404611961,0.0249170358296098,1226
"result.1227",0.0207032867322514,0.0246914416247037,1227
"result.1228",0.0199307901935696,0.023776987934319,1228
"result.1229",0.0202531375529652,0.0229422226513023,1229
"result.1230",0.0194238488592205,0.0225237995969891,1230
"result.1231",0.019436739797586,0.0219483539837952,1231
"result.1232",0.0224912073296032,0.0216523170392762,1232
"result.1233",0.0202786341353662,0.0225580041522093,1233
"result.1234",0.020627578614791,0.022286352519167,1234
"result.1235",0.0233866548403571,0.0224581973634699,1235
"result.1236",0.0213364080551819,0.0232351344798971,1236
"result.1237",0.0199814365228846,0.0230892094453381,1237
"result.1238",0.0191712344644172,0.0225231656483302,1238
"result.1239",0.0183236728015639,0.0218614174506868,1239
"result.1240",0.0178132018448717,0.0211148593311989,1240
"result.1241",0.0193731829743408,0.0205165673363794,1241
"result.1242",0.0176678195458125,0.0206851153602017,1242
"result.1243",0.0201711297633607,0.0201856158484262,1243
"result.1244",0.0197509624521147,0.0207922668390879,1244
"result.1245",0.0180622200703019,0.0209975934671505,1245
"result.1246",0.0510867348455945,0.0209786419815359,1246
"result.1247",0.0349889848706049,0.0353900500705961,1247
"result.1248",0.0548590679941615,0.0368192282684205,1248
"result.1249",0.0405564305801334,0.0449983198430388,1249
"result.1250",0.0382860636555624,0.0436224808390264,1250
"result.1251",0.0358964667845465,0.0418893844489148,1251
"result.1252",0.0341974504488017,0.0401428547538458,1252
"result.1253",0.0516903241351798,0.0388820248977808,1253
"result.1254",0.0382369767628518,0.0447021588774206,1254
"result.1255",0.0378300267924627,0.0427005515575942,1255
"result.1256",0.034838996418696,0.0410650375301387,1256
"result.1257",0.0332360704224571,0.0392651143898703,1257
"result.1258",0.0333927549220164,0.0374915599708956,1258
"result.1259",0.0306973594187906,0.0363475736726215,1259
"result.1260",0.0297424018012337,0.03463795703275,1260
"result.1261",0.0282387251950689,0.0331201201252824,1261
"result.1262",0.0273553511063529,0.031928433881923,1262
"result.1263",0.0265510310521311,0.0306740243957577,1263
"result.1264",0.0251397082362708,0.029424050485737,1264
"result.1265",0.0248925738328557,0.0281431515314736,1265
"result.1266",0.045446926003791,0.028661680407275,1266
"result.1267",0.0392968810566096,0.0366924569016831,1267
"result.1268",0.0393076636099125,0.0383382557445273,1268
"result.1269",0.037721771579888,0.0392414970752881,1269
"result.1270",0.0363160497909767,0.039161629125438,1270
"result.1271",0.0333309246340886,0.0385106971889329,1271
"result.1272",0.0321664552491778,0.0371164868747726,1272
"result.1273",0.032210934069125,0.0359157380751967,1273
"result.1274",0.0296084518015399,0.0349528616235162,1274
"result.1275",0.029662647310915,0.0334879578518823,1275
"result.1276",0.0275297729696535,0.0325417138353927,1276
"result.1277",0.0262555321346842,0.0311061105447479,1277
"result.1278",0.0315713638613714,0.0299635497210673,1278
"result.1279",0.0336198445742451,0.0312970246108719,1279
"result.1280",0.0280557654739429,0.0327037545000977,1280
"result.1281",0.0282308014757258,0.0315695854416376,1281
"result.1282",0.0264756323718904,0.0309083645334098,1282
"result.1283",0.0351780122758576,0.0299263954735878,1283
"result.1284",0.0275632358605215,0.0325771269991648,1284
"result.1285",0.0278965104667194,0.0312686807718805,1285
"result.1286",0.0282990725598138,0.030539940303747,1286
"result.1287",0.0348896864982515,0.0303399121257328,1287
"result.1288",0.0326802917973964,0.0328681768325012,1288
"result.1289",0.0299965390969695,0.0333447065121604,1289
"result.1290",0.036293540060692,0.0327208138594202,1290
"result.1291",0.0309260946206477,0.0346910741060427,1291
"result.1292",0.0328418543124589,0.0338880036244333,1292
"result.1293",0.032027350089398,0.0340705380932249,1293
"result.1294",0.0285635875779094,0.033863119416786,1294
"result.1295",0.0273433871912478,0.0324073054011293,1295
"result.1296",0.0261496872125807,0.0310488193507226,1296
"result.1297",0.0295115326866554,0.0298381342259333,1297
"result.1298",0.0260259858921961,0.0302922663582379,1298
"result.1299",0.0245835433859048,0.0292649521348736,1299
"result.1300",0.0263327567938971,0.0281542398160823,1300
"result.1301",0.0234955695421196,0.0279920299383534,1301
"result.1302",0.0235728447846085,0.0269025279780166,1302
"result.1303",0.023748657745861,0.0262217661435287,1303
"result.1304",0.0228470839560351,0.0258821804339746,1304
"result.1305",0.0255973746226478,0.0254116240047679,1305
"result.1306",0.0229737356977439,0.0260945437808076,1306
"result.1307",0.0244860055036568,0.0255596526498394,1307
"result.1308",0.0300004636888635,0.025863157803407,1308
"result.1309",0.0288537311070015,0.0281228955454296,1309
"result.1310",0.024836619286403,0.0289587824917774,1310
"result.1311",0.0241395529274506,0.0280291987036563,1311
"result.1312",0.0261470998834376,0.0272074856065458,1312
"result.1313",0.0230137914411602,0.02737347905326,1313
"result.1314",0.0285024842357334,0.0264217946470566,1314
"result.1315",0.02345691413969,0.027780574878399,1315
"result.1316",0.0255491188150407,0.0268255840253531,1316
"result.1317",0.0316806784179579,0.0269826023325876,1317
"result.1318",0.0263117213336767,0.0293727090498166,1318
"result.1319",0.0252259174377263,0.028817429028301,1319
"result.1320",0.0236103226539215,0.0280974216781757,1320
"result.1321",0.0240972836596067,0.0270644788751397,1321
"result.1322",0.023888861736909,0.026544072911328,1322
"result.1323",0.0220297482930897,0.0261321793902809,1323
"result.1324",0.0219538426499366,0.02523674046396,1324
"result.1325",0.0221946365239045,0.0246147723325478,1325
"result.1326",0.0207155727890665,0.0243138749034486,1326
"result.1327",0.032482212153113,0.0237658173589992,1327
"result.1328",0.0237286970570497,0.0278767995152762,1328
"result.1329",0.023505237175783,0.0269698492766892,1329
"result.1330",0.0386463435610404,0.026444626850882,1330
"result.1331",0.0327406242455268,0.0321041192447709,1331
"result.1332",0.0301294903814506,0.0328652639798648,1332
"result.1333",0.0272880491000429,0.0323608074834922,1333
"result.1334",0.0261879131835895,0.0311118821258347,1334
"result.1335",0.0329079938929518,0.0299884278360949,1335
"result.1336",0.0296186276748313,0.0316408370566634,1336
"result.1337",0.0271348205145255,0.0314171189222421,1337
"result.1338",0.025785264149176,0.0304315642486799,1338
"result.1339",0.0320839933599585,0.029401019385368,1339
"result.1340",0.0265873299082682,0.0309241963925118,1340
"result.1341",0.0252378861540875,0.0298503845277835,1341
"result.1342",0.0244854495589,0.0289006918399579,1342
"result.1343",0.0234363072927237,0.0278927398023612,1343
"result.1344",0.0246410537735601,0.0269034474337033,1344
"result.1345",0.0223565355209293,0.0266522672084832,1345
"result.1346",0.0215413239103761,0.0256925437368736,1346
"result.1347",0.0221279490104564,0.0247848087661069,1347
"result.1348",0.0250285007206132,0.0244369744150035,1348
"result.1349",0.0211951686899925,0.0251766336958994,1349
"result.1350",0.0205212845213161,0.0243359410743196,1350
"result.1351",0.0226031256462545,0.0235630951206574,1351
"result.1352",0.0206414177331024,0.0237924622393777,1352
"result.1353",0.0201418194605346,0.0232117814344619,1353
"result.1354",0.0189824705858172,0.0226348839000039,1354
"result.1355",0.0228125272219511,0.0219849223289188,1355
"result.1356",0.0192067821856393,0.0228394770657516,1356
"result.1357",0.0196794962453814,0.0220986639753633,1357
"result.1358",0.0184219534202491,0.0217640788264575,1358
"result.1359",0.0177942407209325,0.0211540780542023,1359
"result.1360",0.017197903371065,0.0205092969460097,1360
"result.1361",0.0166489524648431,0.0198504694343669,1361
"result.1362",0.0328585612045553,0.0197696539256285,1362
"result.1363",0.0280820328295459,0.0258690236289212,1363
"result.1364",0.023565680398042,0.0271654531703618,1364
"result.1365",0.0236174293134232,0.0264629189136727,1365
"result.1366",0.0239597796393864,0.0260464762655417,1366
"result.1367",0.0217123977423688,0.0258503194730864,1367
"result.1368",0.020955352850912,0.0249871898182406,1368
"result.1369",0.0202705814629234,0.0241872627506794,1369
"result.1370",0.0207854890151982,0.0234136065668267,1370
"result.1371",0.0197818218750415,0.0230792232357757,1371
"result.1372",0.0229137900178338,0.0225447120084752,1372
"result.1373",0.0223877707316319,0.0232237156377479,1373
"result.1374",0.0199758811190476,0.0234615680837393,1374
"result.1375",0.019697653540756,0.0228341715390954,1375
"result.1376",0.0191868609836385,0.0223183141650978,1376
"result.1377",0.020049569639175,0.0218501523965458,1377
"result.1378",0.0185364244026796,0.0217761380916883,1378
"result.1379",0.0192646830398881,0.0212355957155452,1379
"result.1380",0.0189360012643256,0.0211176726628182,1380
"result.1381",0.0180163351245368,0.0209229645753837,1381
"result.1382",0.0184948879126983,0.0204808222873751,1382
"result.1383",0.0212633963332185,0.0204062961058824,1383
"result.1384",0.025700629049564,0.021332292457906,1384
"result.1385",0.0209443112211423,0.0235563495796143,1385
"result.1386",0.0200188040487712,0.0231956418325794,1386
"result.1387",0.0190331449614271,0.0226730076265582,1387
"result.1388",0.0185840959333123,0.0219854184285495,1388
"result.1389",0.0191395195644611,0.0213956955912735,1389
"result.1390",0.0193508083180288,0.0211769058623403,1390
"result.1391",0.0197164631230028,0.0211072236894196,1391
"result.1392",0.0307395898263572,0.0212592447550648,1392
"result.1393",0.0224093864500887,0.0256046363446316,1393
"result.1394",0.0211025515946277,0.0250516914689527,1394
"result.1395",0.0204751938259039,0.0242734071233102,1395
"result.1396",0.020774326380018,0.0235435378763285,1396
"result.1397",0.0196021699317816,0.0231347479019846,1397
"result.1398",0.0202343211228067,0.0225012581960513,1398
"result.1399",0.01968823178245,0.02227158901443,1399
"result.1400",0.018771068397619,0.0219403791898785,1400
"result.1401",0.0211308166406849,0.0214332912397239,1401
"result.1402",0.0219053245134327,0.0218989213004122,1402
"result.1403",0.0231954415353295,0.022472828261904,1403
"result.1404",0.0212581733589479,0.02328039314893,1404
"result.1405",0.0201043198679114,0.0231305409903015,1405
"result.1406",0.0189772181208571,0.0226470419006333,1406
"result.1407",0.0185055880480399,0.0219713037245626,1407
"result.1408",0.0204195209169514,0.0213985123873712,1408
"result.1409",0.0203085838316911,0.0216222032616926,1409
"result.1410",0.0184903528127692,0.0217163489790906,1410
"result.1411",0.0234100539576586,0.0212101260411188,1411
"result.1412",0.0224072547863442,0.0225858599909472,1412
"result.1413",0.0207514627823099,0.0230816585105416,1413
"result.1414",0.0209397849253295,0.0228481318105409,1414
"result.1415",0.0251205821207823,0.0227622698910395,1415
"result.1416",0.0211913586447591,0.0241763894284404,1416
"result.1417",0.0206384135042708,0.0237241875252678,1417
"result.1418",0.0196392078746709,0.0232096105098307,1418
"result.1419",0.0192857693729024,0.0225595461556267,1419
"result.1420",0.019128340890147,0.0220112783112469,1420
"result.1421",0.0180949835309983,0.0215875771694769,1421
"result.1422",0.0243927604588525,0.0210131084984155,1422
"result.1423",0.0222934135485253,0.0228453195970459,1423
"result.1424",0.0195214414100258,0.0232000728258086,1424
"result.1425",0.0190594633501262,0.0225126374547457,1425
"result.1426",0.0208929531091894,0.021917949631451,1426
"result.1427",0.0191747607564672,0.022122498131516,1427
"result.1428",0.0185639139606433,0.0216795785787482,1428
"result.1429",0.0202961088388744,0.0211968020849653,1429
"result.1430",0.0181798082819852,0.0214467979364414,1430
"result.1431",0.0176318671330455,0.0209076093702052,1431
"result.1432",0.0173134847101146,0.0203594828170495,1432
"result.1433",0.0169811228313619,0.0198911662779935,1433
"result.1434",0.0233412750851756,0.0195411274524204,1434
"result.1435",0.0262760764698886,0.0216000813564321,1435
"result.1436",0.0205795243963793,0.0239365549263582,1436
"result.1437",0.0272670243126868,0.0234043760017713,1437
"result.1438",0.021895376092442,0.025417845935884,1438
"result.1439",0.0250979104946431,0.024792321104222,1439
"result.1440",0.0223341739412144,0.0254487369075278,1440
"result.1441",0.021534749842942,0.0249391500094234,1441
"result.1442",0.0214487269420347,0.0243369272728771,1442
"result.1443",0.0209745712009664,0.023885066475863,1443
"result.1444",0.0211090660380488,0.0234538539889186,1444
"result.1445",0.0194772169448458,0.0231984839579198,1445
"result.1446",0.0188682604170587,0.0225092079671825,1446
"result.1447",0.0183124170012635,0.0218489975467904,1447
"result.1448",0.0191124155948747,0.0212795682336733,1448
"result.1449",0.0176375742781892,0.0210410508207488,1449
"result.1450",0.0173639391107778,0.0204462762394613,1450
"result.1451",0.0168550239325601,0.0199813332797802,1451
"result.1452",0.0179941080915691,0.0194949882544435,1452
"result.1453",0.0190768931132929,0.01956929470159,1453
"result.1454",0.0169757269664422,0.0199725764800363,1454
"result.1455",0.0166120065439694,0.0195033008348773,1455
"result.1456",0.0161944919971743,0.019097861619251,1456
"result.1457",0.0167639593637408,0.0186874232038505,1457
"result.1458",0.0158483314677688,0.018591454900907,1458
"result.1459",0.0153695911567325,0.0182189377272479,1459
"result.1460",0.0160726516754287,0.0178254228104677,1460
"result.1461",0.0184530993845201,0.0178491476611455,1461
"result.1462",0.0159038391105055,0.0186623487462825,1462
"result.1463",0.0169518385231534,0.0183163537415183,1463
"result.1464",0.015453943114471,0.0183955922629551,1464
"result.1465",0.0166437981240152,0.017979442723778,1465
"result.1466",0.0164065919978835,0.0180939824170352,1466
"result.1467",0.015202182375716,0.0180730842447687,1467
"result.1468",0.0149082620303028,0.0176414217546821,1468
"result.1469",0.0145687296253392,0.0172842866056939,1469
"result.1470",0.0144160366845936,0.0169044070756783,1470
"result.1471",0.0147057184116601,0.0166043732205097,1471
"result.1472",0.0141862976396562,0.0165111588822313,1472
"result.1473",0.0141656786682092,0.0162364172949836,1473
"result.1474",0.0159886188429868,0.016096227451122,1474
"result.1475",0.0141184186126082,0.0166234134949192,1475
"result.1476",0.0143599382068717,0.0162534775775285,1476
"result.1477",0.013598236593206,0.0160915117080194,1477
"result.1478",0.0135536171451062,0.0157203367650354,1478
"result.1479",0.0144916966460807,0.0155001875223846,1479
"result.1480",0.0132230793670259,0.0156505830703466,1480
"result.1481",0.0146613024513155,0.0152970129957666,1481
"result.1482",0.0178813061580915,0.0157333794707526,1482
"result.1483",0.0156844340603574,0.0170241634773944,1483
"result.1484",0.0153500065571066,0.0170665264815923,1484
"result.1485",0.0142863022688283,0.0169479300841928,1485
"result.1486",0.0140006220579977,0.0165108688702347,1486
"result.1487",0.0145073049018793,0.016136879919479,1487
"result.1488",0.0136242720490977,0.0160306371409504,1488
"result.1489",0.015114394299949,0.0157009587148238,1489
"result.1490",0.016541918699094,0.0160467456629121,1490
"result.1491",0.0147964555299392,0.0167652845942214,1491
"result.1492",0.020223884181003,0.0167208416000406,1492
"result.1493",0.0157265634543737,0.018725199430456,1493
"result.1494",0.0195597004031916,0.0182738661697854,1494
"result.1495",0.0162730897146666,0.0193896879241535,1495
"result.1496",0.0160136968459837,0.0188169794604889,1496
"result.1497",0.0161637822900667,0.0183397068602247,1497
"result.1498",0.0162603513241338,0.0180826072746996,1498
"result.1499",0.0151394430679362,0.0179598244859065,1499
"result.1500",0.0151899593824006,0.0174478782705094,1500
